Page URN, Line URN
urn:cite2:hmt:e4.v1:8r,urn:cts:greekLit:tlg0012.tlg001.e4:1.74
urn:cite2:hmt:e4.v1:8r,urn:cts:greekLit:tlg0012.tlg001.e4:1.106
urn:cite2:hmt:e4.v1:8v,urn:cts:greekLit:tlg0012.tlg001.e4:1.140
urn:cite2:hmt:e4.v1:9v,urn:cts:greekLit:tlg0012.tlg001.e4:1.193
urn:cite2:hmt:e4.v1:9v,urn:cts:greekLit:tlg0012.tlg001.e4:1.202
urn:cite2:hmt:e4.v1:10v,urn:cts:greekLit:tlg0012.tlg001.e4:1.275
urn:cite2:hmt:e4.v1:11r,urn:cts:greekLit:tlg0012.tlg001.e4:1.318
urn:cite2:hmt:e4.v1:11v,urn:cts:greekLit:tlg0012.tlg001.e4:1.352
urn:cite2:hmt:e4.v1:11v,urn:cts:greekLit:tlg0012.tlg001.e4:1.376
urn:cite2:hmt:e4.v1:12v,urn:cts:greekLit:tlg0012.tlg001.e4:1.432
urn:cite2:hmt:e4.v1:12v,urn:cts:greekLit:tlg0012.tlg001.e4:1.442
urn:cite2:hmt:e4.v1:13r,urn:cts:greekLit:tlg0012.tlg001.e4:1.475
urn:cite2:hmt:e4.v1:13r,urn:cts:greekLit:tlg0012.tlg001.e4:1.503
urn:cite2:hmt:e4.v1:13v,urn:cts:greekLit:tlg0012.tlg001.e4:1.517
urn:cite2:hmt:e4.v1:13v,urn:cts:greekLit:tlg0012.tlg001.e4:1.528
urn:cite2:hmt:e4.v1:13v,urn:cts:greekLit:tlg0012.tlg001.e4:1.536
urn:cite2:hmt:e4.v1:14v,urn:cts:greekLit:tlg0012.tlg001.e4:1.601
urn:cite2:hmt:e4.v1:14v,urn:cts:greekLit:tlg0012.tlg001.e4:1.605
urn:cite2:hmt:e4.v1:14v,urn:cts:greekLit:tlg0012.tlg001.e4:1.609
urn:cite2:hmt:e4.v1:15v,urn:cts:greekLit:tlg0012.tlg001.e4:2.48
urn:cite2:hmt:e4.v1:16r,urn:cts:greekLit:tlg0012.tlg001.e4:2.109
urn:cite2:hmt:e4.v1:16v,urn:cts:greekLit:tlg0012.tlg001.e4:2.147
urn:cite2:hmt:e4.v1:16v,urn:cts:greekLit:tlg0012.tlg001.e4:2.149
urn:cite2:hmt:e4.v1:18r,urn:cts:greekLit:tlg0012.tlg001.e4:2.272
urn:cite2:hmt:e4.v1:18v,urn:cts:greekLit:tlg0012.tlg001.e4:2.284
urn:cite2:hmt:e4.v1:19r,urn:cts:greekLit:tlg0012.tlg001.e4:2.321
urn:cite2:hmt:e4.v1:19r,urn:cts:greekLit:tlg0012.tlg001.e4:2.323
urn:cite2:hmt:e4.v1:19v,urn:cts:greekLit:tlg0012.tlg001.e4:2.362
urn:cite2:hmt:e4.v1:20r,urn:cts:greekLit:tlg0012.tlg001.e4:2.402
urn:cite2:hmt:e4.v1:20v,urn:cts:greekLit:tlg0012.tlg001.e4:2.434
urn:cite2:hmt:e4.v1:21r,urn:cts:greekLit:tlg0012.tlg001.e4:2.476
urn:cite2:hmt:e4.v1:21r,urn:cts:greekLit:tlg0012.tlg001.e4:2.484
urn:cite2:hmt:e4.v1:22v,urn:cts:greekLit:tlg0012.tlg001.e4:2.545
urn:cite2:hmt:e4.v1:22v,urn:cts:greekLit:tlg0012.tlg001.e4:2.556
urn:cite2:hmt:e4.v1:22v,urn:cts:greekLit:tlg0012.tlg001.e4:2.557
urn:cite2:hmt:e4.v1:22v,urn:cts:greekLit:tlg0012.tlg001.e4:2.568
urn:cite2:hmt:e4.v1:23r,urn:cts:greekLit:tlg0012.tlg001.e4:2.586
urn:cite2:hmt:e4.v1:23r,urn:cts:greekLit:tlg0012.tlg001.e4:2.601
urn:cite2:hmt:e4.v1:23v,urn:cts:greekLit:tlg0012.tlg001.e4:2.618
urn:cite2:hmt:e4.v1:23v,urn:cts:greekLit:tlg0012.tlg001.e4:2.627
urn:cite2:hmt:e4.v1:23v,urn:cts:greekLit:tlg0012.tlg001.e4:2.630
urn:cite2:hmt:e4.v1:23v,urn:cts:greekLit:tlg0012.tlg001.e4:2.637
urn:cite2:hmt:e4.v1:23v,urn:cts:greekLit:tlg0012.tlg001.e4:2.644
urn:cite2:hmt:e4.v1:24r,urn:cts:greekLit:tlg0012.tlg001.e4:2.652
urn:cite2:hmt:e4.v1:24r,urn:cts:greekLit:tlg0012.tlg001.e4:2.681
urn:cite2:hmt:e4.v1:24v,urn:cts:greekLit:tlg0012.tlg001.e4:2.710
urn:cite2:hmt:e4.v1:25r,urn:cts:greekLit:tlg0012.tlg001.e4:2.737
urn:cite2:hmt:e4.v1:25r,urn:cts:greekLit:tlg0012.tlg001.e4:2.747
urn:cite2:hmt:e4.v1:25r,urn:cts:greekLit:tlg0012.tlg001.e4:2.748
urn:cite2:hmt:e4.v1:25r,urn:cts:greekLit:tlg0012.tlg001.e4:2.760
urn:cite2:hmt:e4.v1:25v,urn:cts:greekLit:tlg0012.tlg001.e4:2.784
urn:cite2:hmt:e4.v1:25v,urn:cts:greekLit:tlg0012.tlg001.e4:2.796
urn:cite2:hmt:e4.v1:26r,urn:cts:greekLit:tlg0012.tlg001.e4:2.842
urn:cite2:hmt:e4.v1:27r,urn:cts:greekLit:tlg0012.tlg001.e4:3.13
urn:cite2:hmt:e4.v1:27r,urn:cts:greekLit:tlg0012.tlg001.e4:3.14
urn:cite2:hmt:e4.v1:27r,urn:cts:greekLit:tlg0012.tlg001.e4:3.27
urn:cite2:hmt:e4.v1:28v,urn:cts:greekLit:tlg0012.tlg001.e4:3.139
urn:cite2:hmt:e4.v1:29r,urn:cts:greekLit:tlg0012.tlg001.e4:3.173
urn:cite2:hmt:e4.v1:29r,urn:cts:greekLit:tlg0012.tlg001.e4:3.178
urn:cite2:hmt:e4.v1:29v,urn:cts:greekLit:tlg0012.tlg001.e4:3.200
urn:cite2:hmt:e4.v1:29v,urn:cts:greekLit:tlg0012.tlg001.e4:3.204
urn:cite2:hmt:e4.v1:29v,urn:cts:greekLit:tlg0012.tlg001.e4:3.226
urn:cite2:hmt:e4.v1:30v,urn:cts:greekLit:tlg0012.tlg001.e4:3.276
urn:cite2:hmt:e4.v1:30v,urn:cts:greekLit:tlg0012.tlg001.e4:3.292
urn:cite2:hmt:e4.v1:30v,urn:cts:greekLit:tlg0012.tlg001.e4:3.297
urn:cite2:hmt:e4.v1:30v,urn:cts:greekLit:tlg0012.tlg001.e4:3.310
urn:cite2:hmt:e4.v1:31r,urn:cts:greekLit:tlg0012.tlg001.e4:3.320
urn:cite2:hmt:e4.v1:31r,urn:cts:greekLit:tlg0012.tlg001.e4:3.339
urn:cite2:hmt:e4.v1:31v,urn:cts:greekLit:tlg0012.tlg001.e4:3.351
urn:cite2:hmt:e4.v1:31v,urn:cts:greekLit:tlg0012.tlg001.e4:3.365
urn:cite2:hmt:e4.v1:32r,urn:cts:greekLit:tlg0012.tlg001.e4:3.399
urn:cite2:hmt:e4.v1:32r,urn:cts:greekLit:tlg0012.tlg001.e4:3.426
urn:cite2:hmt:e4.v1:32v,urn:cts:greekLit:tlg0012.tlg001.e4:3.437
urn:cite2:hmt:e4.v1:32v,urn:cts:greekLit:tlg0012.tlg001.e4:3.447
urn:cite2:hmt:e4.v1:32v,urn:cts:greekLit:tlg0012.tlg001.e4:3.461
urn:cite2:hmt:e4.v1:33r,urn:cts:greekLit:tlg0012.tlg001.e4:4.25
urn:cite2:hmt:e4.v1:33v,urn:cts:greekLit:tlg0012.tlg001.e4:4.62
urn:cite2:hmt:e4.v1:33v,urn:cts:greekLit:tlg0012.tlg001.e4:4.81
urn:cite2:hmt:e4.v1:34r,urn:cts:greekLit:tlg0012.tlg001.e4:4.85
urn:cite2:hmt:e4.v1:34v,urn:cts:greekLit:tlg0012.tlg001.e4:4.153
urn:cite2:hmt:e4.v1:35r,urn:cts:greekLit:tlg0012.tlg001.e4:4.183
urn:cite2:hmt:e4.v1:35r,urn:cts:greekLit:tlg0012.tlg001.e4:4.188
urn:cite2:hmt:e4.v1:35v,urn:cts:greekLit:tlg0012.tlg001.e4:4.234
urn:cite2:hmt:e4.v1:36r,urn:cts:greekLit:tlg0012.tlg001.e4:4.242
urn:cite2:hmt:e4.v1:36r,urn:cts:greekLit:tlg0012.tlg001.e4:4.257
urn:cite2:hmt:e4.v1:36v,urn:cts:greekLit:tlg0012.tlg001.e4:4.313
urn:cite2:hmt:e4.v1:37r,urn:cts:greekLit:tlg0012.tlg001.e4:4.338
urn:cite2:hmt:e4.v1:37v,urn:cts:greekLit:tlg0012.tlg001.e4:4.358
urn:cite2:hmt:e4.v1:37v,urn:cts:greekLit:tlg0012.tlg001.e4:4.370
urn:cite2:hmt:e4.v1:37v,urn:cts:greekLit:tlg0012.tlg001.e4:4.376
urn:cite2:hmt:e4.v1:38r,urn:cts:greekLit:tlg0012.tlg001.e4:4.404
urn:cite2:hmt:e4.v1:38r,urn:cts:greekLit:tlg0012.tlg001.e4:4.422
urn:cite2:hmt:e4.v1:38r,urn:cts:greekLit:tlg0012.tlg001.e4:4.423
urn:cite2:hmt:e4.v1:38r,urn:cts:greekLit:tlg0012.tlg001.e4:4.427
urn:cite2:hmt:e4.v1:38v,urn:cts:greekLit:tlg0012.tlg001.e4:4.436
urn:cite2:hmt:e4.v1:38v,urn:cts:greekLit:tlg0012.tlg001.e4:4.452
urn:cite2:hmt:e4.v1:38v,urn:cts:greekLit:tlg0012.tlg001.e4:4.456
urn:cite2:hmt:e4.v1:41r,urn:cts:greekLit:tlg0012.tlg001.e4:5.111
urn:cite2:hmt:e4.v1:41v,urn:cts:greekLit:tlg0012.tlg001.e4:5.133
urn:cite2:hmt:e4.v1:42r,urn:cts:greekLit:tlg0012.tlg001.e4:5.161
urn:cite2:hmt:e4.v1:42r,urn:cts:greekLit:tlg0012.tlg001.e4:5.163
urn:cite2:hmt:e4.v1:42r,urn:cts:greekLit:tlg0012.tlg001.e4:5.171
urn:cite2:hmt:e4.v1:43r,urn:cts:greekLit:tlg0012.tlg001.e4:5.243
urn:cite2:hmt:e4.v1:43v,urn:cts:greekLit:tlg0012.tlg001.e4:5.280
urn:cite2:hmt:e4.v1:43v,urn:cts:greekLit:tlg0012.tlg001.e4:5.290
urn:cite2:hmt:e4.v1:44r,urn:cts:greekLit:tlg0012.tlg001.e4:5.348
urn:cite2:hmt:e4.v1:44v,urn:cts:greekLit:tlg0012.tlg001.e4:5.359
urn:cite2:hmt:e4.v1:45r,urn:cts:greekLit:tlg0012.tlg001.e4:5.421
urn:cite2:hmt:e4.v1:45v,urn:cts:greekLit:tlg0012.tlg001.e4:5.455
urn:cite2:hmt:e4.v1:45v,urn:cts:greekLit:tlg0012.tlg001.e4:5.464
urn:cite2:hmt:e4.v1:46r,urn:cts:greekLit:tlg0012.tlg001.e4:5.472
urn:cite2:hmt:e4.v1:46v,urn:cts:greekLit:tlg0012.tlg001.e4:5.519
urn:cite2:hmt:e4.v1:46v,urn:cts:greekLit:tlg0012.tlg001.e4:5.527
urn:cite2:hmt:e4.v1:46v,urn:cts:greekLit:tlg0012.tlg001.e4:5.529
urn:cite2:hmt:e4.v1:47v,urn:cts:greekLit:tlg0012.tlg001.e4:5.597
urn:cite2:hmt:e4.v1:47v,urn:cts:greekLit:tlg0012.tlg001.e4:5.601
urn:cite2:hmt:e4.v1:48r,urn:cts:greekLit:tlg0012.tlg001.e4:5.633
urn:cite2:hmt:e4.v1:49r,urn:cts:greekLit:tlg0012.tlg001.e4:5.714
urn:cite2:hmt:e4.v1:49v,urn:cts:greekLit:tlg0012.tlg001.e4:5.756
urn:cite2:hmt:e4.v1:49v,urn:cts:greekLit:tlg0012.tlg001.e4:5.762
urn:cite2:hmt:e4.v1:50r,urn:cts:greekLit:tlg0012.tlg001.e4:5.787
urn:cite2:hmt:e4.v1:51r,urn:cts:greekLit:tlg0012.tlg001.e4:5.872
urn:cite2:hmt:e4.v1:52v,urn:cts:greekLit:tlg0012.tlg001.e4:6.55
urn:cite2:hmt:e4.v1:52v,urn:cts:greekLit:tlg0012.tlg001.e4:6.67
urn:cite2:hmt:e4.v1:55r,urn:cts:greekLit:tlg0012.tlg001.e4:6.254
urn:cite2:hmt:e4.v1:55v,urn:cts:greekLit:tlg0012.tlg001.e4:6.605
urn:cite2:hmt:e4.v1:56r,urn:cts:greekLit:tlg0012.tlg001.e4:6.326
urn:cite2:hmt:e4.v1:57r,urn:cts:greekLit:tlg0012.tlg001.e4:6.407
urn:cite2:hmt:e4.v1:57v,urn:cts:greekLit:tlg0012.tlg001.e4:6.462
urn:cite2:hmt:e4.v1:58r,urn:cts:greekLit:tlg0012.tlg001.e4:6.476
urn:cite2:hmt:e4.v1:58r,urn:cts:greekLit:tlg0012.tlg001.e4:6.486
urn:cite2:hmt:e4.v1:58r,urn:cts:greekLit:tlg0012.tlg001.e4:6.505
urn:cite2:hmt:e4.v1:58v,urn:cts:greekLit:tlg0012.tlg001.e4:6.511
urn:cite2:hmt:e4.v1:58v,urn:cts:greekLit:tlg0012.tlg001.e4:6.520
urn:cite2:hmt:e4.v1:59r,urn:cts:greekLit:tlg0012.tlg001.e4:7.17
urn:cite2:hmt:e4.v1:59v,urn:cts:greekLit:tlg0012.tlg001.e4:7.47
urn:cite2:hmt:e4.v1:60r,urn:cts:greekLit:tlg0012.tlg001.e4:7.96
urn:cite2:hmt:e4.v1:60r,urn:cts:greekLit:tlg0012.tlg001.e4:7.101
urn:cite2:hmt:e4.v1:60v,urn:cts:greekLit:tlg0012.tlg001.e4:7.124
urn:cite2:hmt:e4.v1:61r,urn:cts:greekLit:tlg0012.tlg001.e4:7.161
urn:cite2:hmt:e4.v1:61r,urn:cts:greekLit:tlg0012.tlg001.e4:7.179
urn:cite2:hmt:e4.v1:61r,urn:cts:greekLit:tlg0012.tlg001.e4:7.191
urn:cite2:hmt:e4.v1:61v,urn:cts:greekLit:tlg0012.tlg001.e4:7.202
urn:cite2:hmt:e4.v1:61v,urn:cts:greekLit:tlg0012.tlg001.e4:7.226
urn:cite2:hmt:e4.v1:62r,urn:cts:greekLit:tlg0012.tlg001.e4:7.240
urn:cite2:hmt:e4.v1:63r,urn:cts:greekLit:tlg0012.tlg001.e4:7.327
urn:cite2:hmt:e4.v1:63r,urn:cts:greekLit:tlg0012.tlg001.e4:7.347
urn:cite2:hmt:e4.v1:63v,urn:cts:greekLit:tlg0012.tlg001.e4:7.354
urn:cite2:hmt:e4.v1:63v,urn:cts:greekLit:tlg0012.tlg001.e4:7.357
urn:cite2:hmt:e4.v1:63v,urn:cts:greekLit:tlg0012.tlg001.e4:7.365
urn:cite2:hmt:e4.v1:64v,urn:cts:greekLit:tlg0012.tlg001.e4:7.446
urn:cite2:hmt:e4.v1:64v,urn:cts:greekLit:tlg0012.tlg001.e4:7.464
urn:cite2:hmt:e4.v1:67r,urn:cts:greekLit:tlg0012.tlg001.e4:8.31
urn:cite2:hmt:e4.v1:68r,urn:cts:greekLit:tlg0012.tlg001.e4:8.102
urn:cite2:hmt:e4.v1:68v,urn:cts:greekLit:tlg0012.tlg001.e4:8.139
urn:cite2:hmt:e4.v1:69r,urn:cts:greekLit:tlg0012.tlg001.e4:8.173
urn:cite2:hmt:e4.v1:69v,urn:cts:greekLit:tlg0012.tlg001.e4:8.201
urn:cite2:hmt:e4.v1:69v,urn:cts:greekLit:tlg0012.tlg001.e4:8.212
urn:cite2:hmt:e4.v1:69v,urn:cts:greekLit:tlg0012.tlg001.e4:8.228
urn:cite2:hmt:e4.v1:69v,urn:cts:greekLit:tlg0012.tlg001.e4:8.236
urn:cite2:hmt:e4.v1:70v,urn:cts:greekLit:tlg0012.tlg001.e4:8.300
urn:cite2:hmt:e4.v1:70v,urn:cts:greekLit:tlg0012.tlg001.e4:8.316
urn:cite2:hmt:e4.v1:71r,urn:cts:greekLit:tlg0012.tlg001.e4:8.338
urn:cite2:hmt:e4.v1:71r,urn:cts:greekLit:tlg0012.tlg001.e4:8.341
urn:cite2:hmt:e4.v1:72r,urn:cts:greekLit:tlg0012.tlg001.e4:8.427
urn:cite2:hmt:e4.v1:72v,urn:cts:greekLit:tlg0012.tlg001.e4:8.462
urn:cite2:hmt:e4.v1:73r,urn:cts:greekLit:tlg0012.tlg001.e4:8.497
urn:cite2:hmt:e4.v1:73v,urn:cts:greekLit:tlg0012.tlg001.e4:8.555
urn:cite2:hmt:e4.v1:75r,urn:cts:greekLit:tlg0012.tlg001.e4:9.4
urn:cite2:hmt:e4.v1:75r,urn:cts:greekLit:tlg0012.tlg001.e4:9.8
urn:cite2:hmt:e4.v1:75r,urn:cts:greekLit:tlg0012.tlg001.e4:9.32
urn:cite2:hmt:e4.v1:75v,urn:cts:greekLit:tlg0012.tlg001.e4:9.40
urn:cite2:hmt:e4.v1:75v,urn:cts:greekLit:tlg0012.tlg001.e4:9.53
urn:cite2:hmt:e4.v1:76r,urn:cts:greekLit:tlg0012.tlg001.e4:9.96
urn:cite2:hmt:e4.v1:78r,urn:cts:greekLit:tlg0012.tlg001.e4:9.252
urn:cite2:hmt:e4.v1:78r,urn:cts:greekLit:tlg0012.tlg001.e4:9.259
urn:cite2:hmt:e4.v1:79v,urn:cts:greekLit:tlg0012.tlg001.e4:9.375
urn:cite2:hmt:e4.v1:79v,urn:cts:greekLit:tlg0012.tlg001.e4:9.381
urn:cite2:hmt:e4.v1:82v,urn:cts:greekLit:tlg0012.tlg001.e4:9.604
urn:cite2:hmt:e4.v1:82v,urn:cts:greekLit:tlg0012.tlg001.e4:9.624
urn:cite2:hmt:e4.v1:83v,urn:cts:greekLit:tlg0012.tlg001.e4:9.673
urn:cite2:hmt:e4.v1:83v,urn:cts:greekLit:tlg0012.tlg001.e4:9.688
urn:cite2:hmt:e4.v1:83v,urn:cts:greekLit:tlg0012.tlg001.e4:9.697
urn:cite2:hmt:e4.v1:85r,urn:cts:greekLit:tlg0012.tlg001.e4:10.5
urn:cite2:hmt:e4.v1:85r,urn:cts:greekLit:tlg0012.tlg001.e4:10.25
urn:cite2:hmt:e4.v1:86v,urn:cts:greekLit:tlg0012.tlg001.e4:10.131
urn:cite2:hmt:e4.v1:87v,urn:cts:greekLit:tlg0012.tlg001.e4:10.204
urn:cite2:hmt:e4.v1:88r,urn:cts:greekLit:tlg0012.tlg001.e4:10.234
urn:cite2:hmt:e4.v1:88r,urn:cts:greekLit:tlg0012.tlg001.e4:10.254
urn:cite2:hmt:e4.v1:89r,urn:cts:greekLit:tlg0012.tlg001.e4:10.319
urn:cite2:hmt:e4.v1:89v,urn:cts:greekLit:tlg0012.tlg001.e4:10.360
urn:cite2:hmt:e4.v1:89v,urn:cts:greekLit:tlg0012.tlg001.e4:10.363
urn:cite2:hmt:e4.v1:89v,urn:cts:greekLit:tlg0012.tlg001.e4:10.372
urn:cite2:hmt:e4.v1:90r,urn:cts:greekLit:tlg0012.tlg001.e4:10.414
urn:cite2:hmt:e4.v1:90v,urn:cts:greekLit:tlg0012.tlg001.e4:10.454
urn:cite2:hmt:e4.v1:91r,urn:cts:greekLit:tlg0012.tlg001.e4:10.476
urn:cite2:hmt:e4.v1:91r,urn:cts:greekLit:tlg0012.tlg001.e4:10.503
urn:cite2:hmt:e4.v1:91v,urn:cts:greekLit:tlg0012.tlg001.e4:10.509
urn:cite2:hmt:e4.v1:91v,urn:cts:greekLit:tlg0012.tlg001.e4:10.533
urn:cite2:hmt:e4.v1:91v,urn:cts:greekLit:tlg0012.tlg001.e4:10.544
urn:cite2:hmt:e4.v1:93v,urn:cts:greekLit:tlg0012.tlg001.e4:11.64
urn:cite2:hmt:e4.v1:93v,urn:cts:greekLit:tlg0012.tlg001.e4:11.70
urn:cite2:hmt:e4.v1:93v,urn:cts:greekLit:tlg0012.tlg001.e4:11.76
urn:cite2:hmt:e4.v1:94r,urn:cts:greekLit:tlg0012.tlg001.e4:11.99
urn:cite2:hmt:e4.v1:94r,urn:cts:greekLit:tlg0012.tlg001.e4:11.113
urn:cite2:hmt:e4.v1:94v,urn:cts:greekLit:tlg0012.tlg001.e4:11.120
urn:cite2:hmt:e4.v1:94v,urn:cts:greekLit:tlg0012.tlg001.e4:11.122
urn:cite2:hmt:e4.v1:94v,urn:cts:greekLit:tlg0012.tlg001.e4:11.136
urn:cite2:hmt:e4.v1:94v,urn:cts:greekLit:tlg0012.tlg001.e4:11.143
urn:cite2:hmt:e4.v1:95r,urn:cts:greekLit:tlg0012.tlg001.e4:11.155
urn:cite2:hmt:e4.v1:95r,urn:cts:greekLit:tlg0012.tlg001.e4:11.158
urn:cite2:hmt:e4.v1:95r,urn:cts:greekLit:tlg0012.tlg001.e4:11.177
urn:cite2:hmt:e4.v1:96r,urn:cts:greekLit:tlg0012.tlg001.e4:11.269
urn:cite2:hmt:e4.v1:96v,urn:cts:greekLit:tlg0012.tlg001.e4:11.272
urn:cite2:hmt:e4.v1:96v,urn:cts:greekLit:tlg0012.tlg001.e4:11.276
urn:cite2:hmt:e4.v1:96v,urn:cts:greekLit:tlg0012.tlg001.e4:11.291
urn:cite2:hmt:e4.v1:97r,urn:cts:greekLit:tlg0012.tlg001.e4:11.320
urn:cite2:hmt:e4.v1:97r,urn:cts:greekLit:tlg0012.tlg001.e4:11.349
urn:cite2:hmt:e4.v1:97v,urn:cts:greekLit:tlg0012.tlg001.e4:11.368
urn:cite2:hmt:e4.v1:97v,urn:cts:greekLit:tlg0012.tlg001.e4:11.384
urn:cite2:hmt:e4.v1:98r,urn:cts:greekLit:tlg0012.tlg001.e4:11.404
urn:cite2:hmt:e4.v1:98r,urn:cts:greekLit:tlg0012.tlg001.e4:11.414
urn:cite2:hmt:e4.v1:98r,urn:cts:greekLit:tlg0012.tlg001.e4:11.419
urn:cite2:hmt:e4.v1:98v,urn:cts:greekLit:tlg0012.tlg001.e4:11.430
urn:cite2:hmt:e4.v1:98v,urn:cts:greekLit:tlg0012.tlg001.e4:11.434
urn:cite2:hmt:e4.v1:98v,urn:cts:greekLit:tlg0012.tlg001.e4:11.450
urn:cite2:hmt:e4.v1:98v,urn:cts:greekLit:tlg0012.tlg001.e4:11.465
urn:cite2:hmt:e4.v1:99r,urn:cts:greekLit:tlg0012.tlg001.e4:11.482
urn:cite2:hmt:e4.v1:99r,urn:cts:greekLit:tlg0012.tlg001.e4:11.492
urn:cite2:hmt:e4.v1:99r,urn:cts:greekLit:tlg0012.tlg001.e4:11.496
urn:cite2:hmt:e4.v1:99r,urn:cts:greekLit:tlg0012.tlg001.e4:11.502
urn:cite2:hmt:e4.v1:99v,urn:cts:greekLit:tlg0012.tlg001.e4:11.511
urn:cite2:hmt:e4.v1:99v,urn:cts:greekLit:tlg0012.tlg001.e4:11.523
urn:cite2:hmt:e4.v1:99v,urn:cts:greekLit:tlg0012.tlg001.e4:11.544
urn:cite2:hmt:e4.v1:100r,urn:cts:greekLit:tlg0012.tlg001.e4:11.548
urn:cite2:hmt:e4.v1:100r,urn:cts:greekLit:tlg0012.tlg001.e4:11.556
urn:cite2:hmt:e4.v1:100r,urn:cts:greekLit:tlg0012.tlg001.e4:11.558
urn:cite2:hmt:e4.v1:100r,urn:cts:greekLit:tlg0012.tlg001.e4:11.563
urn:cite2:hmt:e4.v1:100v,urn:cts:greekLit:tlg0012.tlg001.e4:11.587
urn:cite2:hmt:e4.v1:102v,urn:cts:greekLit:tlg0012.tlg001.e4:11.762
urn:cite2:hmt:e4.v1:102v,urn:cts:greekLit:tlg0012.tlg001.e4:11.765
urn:cite2:hmt:e4.v1:102v,urn:cts:greekLit:tlg0012.tlg001.e4:11.771
urn:cite2:hmt:e4.v1:103r,urn:cts:greekLit:tlg0012.tlg001.e4:11.790
urn:cite2:hmt:e4.v1:103r,urn:cts:greekLit:tlg0012.tlg001.e4:11.816
urn:cite2:hmt:e4.v1:103r,urn:cts:greekLit:tlg0012.tlg001.e4:11.819
urn:cite2:hmt:e4.v1:103v,urn:cts:greekLit:tlg0012.tlg001.e4:11.842
urn:cite2:hmt:e4.v1:104v,urn:cts:greekLit:tlg0012.tlg001.e4:12.41
urn:cite2:hmt:e4.v1:104v,urn:cts:greekLit:tlg0012.tlg001.e4:12.49
urn:cite2:hmt:e4.v1:104v,urn:cts:greekLit:tlg0012.tlg001.e4:12.61
urn:cite2:hmt:e4.v1:105v,urn:cts:greekLit:tlg0012.tlg001.e4:12.135
urn:cite2:hmt:e4.v1:105v,urn:cts:greekLit:tlg0012.tlg001.e4:12.151
urn:cite2:hmt:e4.v1:106r,urn:cts:greekLit:tlg0012.tlg001.e4:12.159
urn:cite2:hmt:e4.v1:106r,urn:cts:greekLit:tlg0012.tlg001.e4:12.164
urn:cite2:hmt:e4.v1:106v,urn:cts:greekLit:tlg0012.tlg001.e4:12.211
urn:cite2:hmt:e4.v1:106v,urn:cts:greekLit:tlg0012.tlg001.e4:12.223
urn:cite2:hmt:e4.v1:107r,urn:cts:greekLit:tlg0012.tlg001.e4:12.269
urn:cite2:hmt:e4.v1:107v,urn:cts:greekLit:tlg0012.tlg001.e4:12.287
urn:cite2:hmt:e4.v1:107v,urn:cts:greekLit:tlg0012.tlg001.e4:12.307
urn:cite2:hmt:e4.v1:107v,urn:cts:greekLit:tlg0012.tlg001.e4:12.310
urn:cite2:hmt:e4.v1:108r,urn:cts:greekLit:tlg0012.tlg001.e4:12.322
urn:cite2:hmt:e4.v1:108v,urn:cts:greekLit:tlg0012.tlg001.e4:12.354
urn:cite2:hmt:e4.v1:109r,urn:cts:greekLit:tlg0012.tlg001.e4:12.409
urn:cite2:hmt:e4.v1:109r,urn:cts:greekLit:tlg0012.tlg001.e4:12.424
urn:cite2:hmt:e4.v1:109v,urn:cts:greekLit:tlg0012.tlg001.e4:12.436
urn:cite2:hmt:e4.v1:109v,urn:cts:greekLit:tlg0012.tlg001.e4:12.451
urn:cite2:hmt:e4.v1:109v,urn:cts:greekLit:tlg0012.tlg001.e4:12.453
urn:cite2:hmt:e4.v1:111v,urn:cts:greekLit:tlg0012.tlg001.e4:13.65
urn:cite2:hmt:e4.v1:112r,urn:cts:greekLit:tlg0012.tlg001.e4:13.99
urn:cite2:hmt:e4.v1:112r,urn:cts:greekLit:tlg0012.tlg001.e4:13.105
urn:cite2:hmt:e4.v1:112v,urn:cts:greekLit:tlg0012.tlg001.e4:13.120
urn:cite2:hmt:e4.v1:112v,urn:cts:greekLit:tlg0012.tlg001.e4:13.143
urn:cite2:hmt:e4.v1:113r,urn:cts:greekLit:tlg0012.tlg001.e4:13.181
urn:cite2:hmt:e4.v1:113v,urn:cts:greekLit:tlg0012.tlg001.e4:13.198
urn:cite2:hmt:e4.v1:113v,urn:cts:greekLit:tlg0012.tlg001.e4:13.201
urn:cite2:hmt:e4.v1:114r,urn:cts:greekLit:tlg0012.tlg001.e4:13.249
urn:cite2:hmt:e4.v1:114v,urn:cts:greekLit:tlg0012.tlg001.e4:13.307
urn:cite2:hmt:e4.v1:115r,urn:cts:greekLit:tlg0012.tlg001.e4:13.334
urn:cite2:hmt:e4.v1:115r,urn:cts:greekLit:tlg0012.tlg001.e4:13.337
urn:cite2:hmt:e4.v1:116r,urn:cts:greekLit:tlg0012.tlg001.e4:13.392
urn:cite2:hmt:e4.v1:116v,urn:cts:greekLit:tlg0012.tlg001.e4:13.446
urn:cite2:hmt:e4.v1:116v,urn:cts:greekLit:tlg0012.tlg001.e4:13.463
urn:cite2:hmt:e4.v1:117r,urn:cts:greekLit:tlg0012.tlg001.e4:13.476
urn:cite2:hmt:e4.v1:117r,urn:cts:greekLit:tlg0012.tlg001.e4:13.481
urn:cite2:hmt:e4.v1:117r,urn:cts:greekLit:tlg0012.tlg001.e4:13.494
urn:cite2:hmt:e4.v1:118r,urn:cts:greekLit:tlg0012.tlg001.e4:13.573
urn:cite2:hmt:e4.v1:118v,urn:cts:greekLit:tlg0012.tlg001.e4:13.588
urn:cite2:hmt:e4.v1:118v,urn:cts:greekLit:tlg0012.tlg001.e4:13.591
urn:cite2:hmt:e4.v1:120r,urn:cts:greekLit:tlg0012.tlg001.e4:13.708
urn:cite2:hmt:e4.v1:120r,urn:cts:greekLit:tlg0012.tlg001.e4:13.726
urn:cite2:hmt:e4.v1:120v,urn:cts:greekLit:tlg0012.tlg001.e4:13.751
urn:cite2:hmt:e4.v1:120v,urn:cts:greekLit:tlg0012.tlg001.e4:13.769
urn:cite2:hmt:e4.v1:120v,urn:cts:greekLit:tlg0012.tlg001.e4:13.775
urn:cite2:hmt:e4.v1:121r,urn:cts:greekLit:tlg0012.tlg001.e4:13.800
urn:cite2:hmt:e4.v1:121v,urn:cts:greekLit:tlg0012.tlg001.e4:13.824
urn:cite2:hmt:e4.v1:122r,urn:cts:greekLit:tlg0012.tlg001.e4:14.16
urn:cite2:hmt:e4.v1:122r,urn:cts:greekLit:tlg0012.tlg001.e4:14.20
urn:cite2:hmt:e4.v1:122v,urn:cts:greekLit:tlg0012.tlg001.e4:14.49
urn:cite2:hmt:e4.v1:122bisr,urn:cts:greekLit:tlg0012.tlg001.e4:14.104
urn:cite2:hmt:e4.v1:122bisr,urn:cts:greekLit:tlg0012.tlg001.e4:14.109
urn:cite2:hmt:e4.v1:122bisv,urn:cts:greekLit:tlg0012.tlg001.e4:14.139
urn:cite2:hmt:e4.v1:123r,urn:cts:greekLit:tlg0012.tlg001.e4:14.187
urn:cite2:hmt:e4.v1:123r,urn:cts:greekLit:tlg0012.tlg001.e4:14.190
urn:cite2:hmt:e4.v1:123v,urn:cts:greekLit:tlg0012.tlg001.e4:14.214
urn:cite2:hmt:e4.v1:123v,urn:cts:greekLit:tlg0012.tlg001.e4:14.233
urn:cite2:hmt:e4.v1:123bisv,urn:cts:greekLit:tlg0012.tlg001.e4:14.294
urn:cite2:hmt:e4.v1:123bisv,urn:cts:greekLit:tlg0012.tlg001.e4:14.301
urn:cite2:hmt:e4.v1:124r,urn:cts:greekLit:tlg0012.tlg001.e4:14.346
urn:cite2:hmt:e4.v1:124v,urn:cts:greekLit:tlg0012.tlg001.e4:14.352
urn:cite2:hmt:e4.v1:124v,urn:cts:greekLit:tlg0012.tlg001.e4:14.357
urn:cite2:hmt:e4.v1:125r,urn:cts:greekLit:tlg0012.tlg001.e4:14.414
urn:cite2:hmt:e4.v1:125r,urn:cts:greekLit:tlg0012.tlg001.e4:14.418
urn:cite2:hmt:e4.v1:126r,urn:cts:greekLit:tlg0012.tlg001.e4:14.479
urn:cite2:hmt:e4.v1:126r,urn:cts:greekLit:tlg0012.tlg001.e4:14.501
urn:cite2:hmt:e4.v1:126v,urn:cts:greekLit:tlg0012.tlg001.e4:14.508
urn:cite2:hmt:e4.v1:128r,urn:cts:greekLit:tlg0012.tlg001.e4:15.80
urn:cite2:hmt:e4.v1:128r,urn:cts:greekLit:tlg0012.tlg001.e4:15.83
urn:cite2:hmt:e4.v1:128r,urn:cts:greekLit:tlg0012.tlg001.e4:15.100
urn:cite2:hmt:e4.v1:128v,urn:cts:greekLit:tlg0012.tlg001.e4:15.146
urn:cite2:hmt:e4.v1:128v,urn:cts:greekLit:tlg0012.tlg001.e4:15.149
urn:cite2:hmt:e4.v1:129r,urn:cts:greekLit:tlg0012.tlg001.e4:15.170
urn:cite2:hmt:e4.v1:129r,urn:cts:greekLit:tlg0012.tlg001.e4:15.172
urn:cite2:hmt:e4.v1:130r,urn:cts:greekLit:tlg0012.tlg001.e4:15.144
urn:cite2:hmt:e4.v1:130r,urn:cts:greekLit:tlg0012.tlg001.e4:15.146
urn:cite2:hmt:e4.v1:130r,urn:cts:greekLit:tlg0012.tlg001.e4:15.269
urn:cite2:hmt:e4.v1:130v,urn:cts:greekLit:tlg0012.tlg001.e4:15.279
urn:cite2:hmt:e4.v1:130v,urn:cts:greekLit:tlg0012.tlg001.e4:15.286
urn:cite2:hmt:e4.v1:131r,urn:cts:greekLit:tlg0012.tlg001.e4:15.320
urn:cite2:hmt:e4.v1:131v,urn:cts:greekLit:tlg0012.tlg001.e4:15.367
urn:cite2:hmt:e4.v1:131v,urn:cts:greekLit:tlg0012.tlg001.e4:15.372
urn:cite2:hmt:e4.v1:131v,urn:cts:greekLit:tlg0012.tlg001.e4:15.381
urn:cite2:hmt:e4.v1:131v,urn:cts:greekLit:tlg0012.tlg001.e4:15.384
urn:cite2:hmt:e4.v1:132r,urn:cts:greekLit:tlg0012.tlg001.e4:15.405
urn:cite2:hmt:e4.v1:132r,urn:cts:greekLit:tlg0012.tlg001.e4:15.410
urn:cite2:hmt:e4.v1:132r,urn:cts:greekLit:tlg0012.tlg001.e4:15.413
urn:cite2:hmt:e4.v1:132r,urn:cts:greekLit:tlg0012.tlg001.e4:15.425
urn:cite2:hmt:e4.v1:133r,urn:cts:greekLit:tlg0012.tlg001.e4:15.467
urn:cite2:hmt:e4.v1:133r,urn:cts:greekLit:tlg0012.tlg001.e4:15.500
urn:cite2:hmt:e4.v1:133v,urn:cts:greekLit:tlg0012.tlg001.e4:15.523
urn:cite2:hmt:e4.v1:134r,urn:cts:greekLit:tlg0012.tlg001.e4:15.549
urn:cite2:hmt:e4.v1:134r,urn:cts:greekLit:tlg0012.tlg001.e4:15.561
urn:cite2:hmt:e4.v1:134r,urn:cts:greekLit:tlg0012.tlg001.e4:15.569
urn:cite2:hmt:e4.v1:134r,urn:cts:greekLit:tlg0012.tlg001.e4:15.582
urn:cite2:hmt:e4.v1:135r,urn:cts:greekLit:tlg0012.tlg001.e4:15.661
urn:cite2:hmt:e4.v1:135v,urn:cts:greekLit:tlg0012.tlg001.e4:15.679
urn:cite2:hmt:e4.v1:135v,urn:cts:greekLit:tlg0012.tlg001.e4:15.685
urn:cite2:hmt:e4.v1:135v,urn:cts:greekLit:tlg0012.tlg001.e4:15.693
urn:cite2:hmt:e4.v1:136r,urn:cts:greekLit:tlg0012.tlg001.e4:15.733
urn:cite2:hmt:e4.v1:137v,urn:cts:greekLit:tlg0012.tlg001.e4:16.48
urn:cite2:hmt:e4.v1:139v,urn:cts:greekLit:tlg0012.tlg001.e4:16.212
urn:cite2:hmt:e4.v1:139v,urn:cts:greekLit:tlg0012.tlg001.e4:16.214
urn:cite2:hmt:e4.v1:140r,urn:cts:greekLit:tlg0012.tlg001.e4:16.233
urn:cite2:hmt:e4.v1:140r,urn:cts:greekLit:tlg0012.tlg001.e4:16.268
urn:cite2:hmt:e4.v1:140v,urn:cts:greekLit:tlg0012.tlg001.e4:16.297
urn:cite2:hmt:e4.v1:140v,urn:cts:greekLit:tlg0012.tlg001.e4:16.301
urn:cite2:hmt:e4.v1:141r,urn:cts:greekLit:tlg0012.tlg001.e4:16.326
urn:cite2:hmt:e4.v1:141v,urn:cts:greekLit:tlg0012.tlg001.e4:16.356
urn:cite2:hmt:e4.v1:141v,urn:cts:greekLit:tlg0012.tlg001.e4:16.364
urn:cite2:hmt:e4.v1:141v,urn:cts:greekLit:tlg0012.tlg001.e4:16.366
urn:cite2:hmt:e4.v1:141v,urn:cts:greekLit:tlg0012.tlg001.e4:16.384
urn:cite2:hmt:e4.v1:142r,urn:cts:greekLit:tlg0012.tlg001.e4:16.393
urn:cite2:hmt:e4.v1:142r,urn:cts:greekLit:tlg0012.tlg001.e4:16.422
urn:cite2:hmt:e4.v1:142r,urn:cts:greekLit:tlg0012.tlg001.e4:16.426
urn:cite2:hmt:e4.v1:142v,urn:cts:greekLit:tlg0012.tlg001.e4:16.428
urn:cite2:hmt:e4.v1:142v,urn:cts:greekLit:tlg0012.tlg001.e4:16.430
urn:cite2:hmt:e4.v1:143r,urn:cts:greekLit:tlg0012.tlg001.e4:16.485
urn:cite2:hmt:e4.v1:143v,urn:cts:greekLit:tlg0012.tlg001.e4:16.514
urn:cite2:hmt:e4.v1:143v,urn:cts:greekLit:tlg0012.tlg001.e4:16.538
urn:cite2:hmt:e4.v1:143bisr,urn:cts:greekLit:tlg0012.tlg001.e4:16.584
urn:cite2:hmt:e4.v1:143bisv,urn:cts:greekLit:tlg0012.tlg001.e4:16.600
urn:cite2:hmt:e4.v1:143bisv,urn:cts:greekLit:tlg0012.tlg001.e4:16.617
urn:cite2:hmt:e4.v1:144r,urn:cts:greekLit:tlg0012.tlg001.e4:16.635
urn:cite2:hmt:e4.v1:144r,urn:cts:greekLit:tlg0012.tlg001.e4:16.644
urn:cite2:hmt:e4.v1:144r,urn:cts:greekLit:tlg0012.tlg001.e4:16.667
urn:cite2:hmt:e4.v1:145r,urn:cts:greekLit:tlg0012.tlg001.e4:16.721
urn:cite2:hmt:e4.v1:145r,urn:cts:greekLit:tlg0012.tlg001.e4:16.745
urn:cite2:hmt:e4.v1:145v,urn:cts:greekLit:tlg0012.tlg001.e4:16.757
urn:cite2:hmt:e4.v1:145v,urn:cts:greekLit:tlg0012.tlg001.e4:16.759
urn:cite2:hmt:e4.v1:145v,urn:cts:greekLit:tlg0012.tlg001.e4:16.765
urn:cite2:hmt:e4.v1:145v,urn:cts:greekLit:tlg0012.tlg001.e4:16.770
urn:cite2:hmt:e4.v1:146r,urn:cts:greekLit:tlg0012.tlg001.e4:16.823
urn:cite2:hmt:e4.v1:146v,urn:cts:greekLit:tlg0012.tlg001.e4:16.827
urn:cite2:hmt:e4.v1:146v,urn:cts:greekLit:tlg0012.tlg001.e4:16.842
urn:cite2:hmt:e4.v1:148r,urn:cts:greekLit:tlg0012.tlg001.e4:17.12
urn:cite2:hmt:e4.v1:148r,urn:cts:greekLit:tlg0012.tlg001.e4:17.19
urn:cite2:hmt:e4.v1:148v,urn:cts:greekLit:tlg0012.tlg001.e4:17.61
urn:cite2:hmt:e4.v1:148v,urn:cts:greekLit:tlg0012.tlg001.e4:17.68
urn:cite2:hmt:e4.v1:148v,urn:cts:greekLit:tlg0012.tlg001.e4:17.75
urn:cite2:hmt:e4.v1:149r,urn:cts:greekLit:tlg0012.tlg001.e4:17.91
urn:cite2:hmt:e4.v1:149v,urn:cts:greekLit:tlg0012.tlg001.e4:17.120
urn:cite2:hmt:e4.v1:149v,urn:cts:greekLit:tlg0012.tlg001.e4:17.142
urn:cite2:hmt:e4.v1:150r,urn:cts:greekLit:tlg0012.tlg001.e4:17.188
urn:cite2:hmt:e4.v1:150v,urn:cts:greekLit:tlg0012.tlg001.e4:17.198
urn:cite2:hmt:e4.v1:150v,urn:cts:greekLit:tlg0012.tlg001.e4:17.201
urn:cite2:hmt:e4.v1:150v,urn:cts:greekLit:tlg0012.tlg001.e4:17.219
urn:cite2:hmt:e4.v1:151r,urn:cts:greekLit:tlg0012.tlg001.e4:17.238
urn:cite2:hmt:e4.v1:151r,urn:cts:greekLit:tlg0012.tlg001.e4:17.248
urn:cite2:hmt:e4.v1:151r,urn:cts:greekLit:tlg0012.tlg001.e4:17.263
urn:cite2:hmt:e4.v1:151r,urn:cts:greekLit:tlg0012.tlg001.e4:17.266
urn:cite2:hmt:e4.v1:152r,urn:cts:greekLit:tlg0012.tlg001.e4:17.319
urn:cite2:hmt:e4.v1:152r,urn:cts:greekLit:tlg0012.tlg001.e4:17.327
urn:cite2:hmt:e4.v1:152r,urn:cts:greekLit:tlg0012.tlg001.e4:17.335
urn:cite2:hmt:e4.v1:152v,urn:cts:greekLit:tlg0012.tlg001.e4:17.366
urn:cite2:hmt:e4.v1:152v,urn:cts:greekLit:tlg0012.tlg001.e4:17.389
urn:cite2:hmt:e4.v1:153r,urn:cts:greekLit:tlg0012.tlg001.e4:17.394
urn:cite2:hmt:e4.v1:153r,urn:cts:greekLit:tlg0012.tlg001.e4:17.415
urn:cite2:hmt:e4.v1:153r,urn:cts:greekLit:tlg0012.tlg001.e4:17.421
urn:cite2:hmt:e4.v1:153r,urn:cts:greekLit:tlg0012.tlg001.e4:17.424
urn:cite2:hmt:e4.v1:153v,urn:cts:greekLit:tlg0012.tlg001.e4:17.443
urn:cite2:hmt:e4.v1:154r,urn:cts:greekLit:tlg0012.tlg001.e4:17.485
urn:cite2:hmt:e4.v1:154r,urn:cts:greekLit:tlg0012.tlg001.e4:17.501
urn:cite2:hmt:e4.v1:154v,urn:cts:greekLit:tlg0012.tlg001.e4:17.507
urn:cite2:hmt:e4.v1:154v,urn:cts:greekLit:tlg0012.tlg001.e4:17.508
urn:cite2:hmt:e4.v1:154v,urn:cts:greekLit:tlg0012.tlg001.e4:17.516
urn:cite2:hmt:e4.v1:154v,urn:cts:greekLit:tlg0012.tlg001.e4:17.520
urn:cite2:hmt:e4.v1:154v,urn:cts:greekLit:tlg0012.tlg001.e4:17.523
urn:cite2:hmt:e4.v1:155v,urn:cts:greekLit:tlg0012.tlg001.e4:17.586
urn:cite2:hmt:e4.v1:156r,urn:cts:greekLit:tlg0012.tlg001.e4:17.629
urn:cite2:hmt:e4.v1:156v,urn:cts:greekLit:tlg0012.tlg001.e4:17.669
urn:cite2:hmt:e4.v1:156v,urn:cts:greekLit:tlg0012.tlg001.e4:17.685
urn:cite2:hmt:e4.v1:157r,urn:cts:greekLit:tlg0012.tlg001.e4:17.735
urn:cite2:hmt:e4.v1:158r,urn:cts:greekLit:tlg0012.tlg001.e4:18.6
urn:cite2:hmt:e4.v1:158v,urn:cts:greekLit:tlg0012.tlg001.e4:18.73
urn:cite2:hmt:e4.v1:160r,urn:cts:greekLit:tlg0012.tlg001.e4:18.161
urn:cite2:hmt:e4.v1:160r,urn:cts:greekLit:tlg0012.tlg001.e4:18.163
urn:cite2:hmt:e4.v1:160r,urn:cts:greekLit:tlg0012.tlg001.e4:18.183
urn:cite2:hmt:e4.v1:160v,urn:cts:greekLit:tlg0012.tlg001.e4:18.202
urn:cite2:hmt:e4.v1:160v,urn:cts:greekLit:tlg0012.tlg001.e4:18.207
urn:cite2:hmt:e4.v1:160v,urn:cts:greekLit:tlg0012.tlg001.e4:18.214
urn:cite2:hmt:e4.v1:160v,urn:cts:greekLit:tlg0012.tlg001.e4:18.219
urn:cite2:hmt:e4.v1:160v,urn:cts:greekLit:tlg0012.tlg001.e4:18.221
urn:cite2:hmt:e4.v1:162r,urn:cts:greekLit:tlg0012.tlg001.e4:18.323
urn:cite2:hmt:e4.v1:162v,urn:cts:greekLit:tlg0012.tlg001.e4:18.368
urn:cite2:hmt:e4.v1:163r,urn:cts:greekLit:tlg0012.tlg001.e4:18.392
urn:cite2:hmt:e4.v1:163r,urn:cts:greekLit:tlg0012.tlg001.e4:18.410
urn:cite2:hmt:e4.v1:163r,urn:cts:greekLit:tlg0012.tlg001.e4:18.424
urn:cite2:hmt:e4.v1:163v,urn:cts:greekLit:tlg0012.tlg001.e4:18.468
urn:cite2:hmt:e4.v1:165v,urn:cts:greekLit:tlg0012.tlg001.e4:18.614
urn:cite2:hmt:e4.v1:166r,urn:cts:greekLit:tlg0012.tlg001.e4:19.19
urn:cite2:hmt:e4.v1:166v,urn:cts:greekLit:tlg0012.tlg001.e4:19.56
urn:cite2:hmt:e4.v1:166v,urn:cts:greekLit:tlg0012.tlg001.e4:19.76
urn:cite2:hmt:e4.v1:167r,urn:cts:greekLit:tlg0012.tlg001.e4:19.78
urn:cite2:hmt:e4.v1:167v,urn:cts:greekLit:tlg0012.tlg001.e4:19.121
urn:cite2:hmt:e4.v1:167v,urn:cts:greekLit:tlg0012.tlg001.e4:19.130
urn:cite2:hmt:e4.v1:169r,urn:cts:greekLit:tlg0012.tlg001.e4:19.238
urn:cite2:hmt:e4.v1:169r,urn:cts:greekLit:tlg0012.tlg001.e4:19.266
urn:cite2:hmt:e4.v1:169v,urn:cts:greekLit:tlg0012.tlg001.e4:19.287
urn:cite2:hmt:e4.v1:169v,urn:cts:greekLit:tlg0012.tlg001.e4:19.305
urn:cite2:hmt:e4.v1:170r,urn:cts:greekLit:tlg0012.tlg001.e4:19.315
urn:cite2:hmt:e4.v1:170r,urn:cts:greekLit:tlg0012.tlg001.e4:19.349
urn:cite2:hmt:e4.v1:170v,urn:cts:greekLit:tlg0012.tlg001.e4:19.357
urn:cite2:hmt:e4.v1:170v,urn:cts:greekLit:tlg0012.tlg001.e4:19.359
urn:cite2:hmt:e4.v1:170v,urn:cts:greekLit:tlg0012.tlg001.e4:19.375
urn:cite2:hmt:e4.v1:170v,urn:cts:greekLit:tlg0012.tlg001.e4:19.379
urn:cite2:hmt:e4.v1:172r,urn:cts:greekLit:tlg0012.tlg001.e4:20.16
urn:cite2:hmt:e4.v1:172v,urn:cts:greekLit:tlg0012.tlg001.e4:20.47
urn:cite2:hmt:e4.v1:172v,urn:cts:greekLit:tlg0012.tlg001.e4:20.75
urn:cite2:hmt:e4.v1:173r,urn:cts:greekLit:tlg0012.tlg001.e4:20.83
urn:cite2:hmt:e4.v1:173v,urn:cts:greekLit:tlg0012.tlg001.e4:20.144
urn:cite2:hmt:e4.v1:174r,urn:cts:greekLit:tlg0012.tlg001.e4:20.178
urn:cite2:hmt:e4.v1:175r,urn:cts:greekLit:tlg0012.tlg001.e4:20.259
urn:cite2:hmt:e4.v1:175v,urn:cts:greekLit:tlg0012.tlg001.e4:20.293
urn:cite2:hmt:e4.v1:176r,urn:cts:greekLit:tlg0012.tlg001.e4:20.332
urn:cite2:hmt:e4.v1:176r,urn:cts:greekLit:tlg0012.tlg001.e4:20.344
urn:cite2:hmt:e4.v1:176v,urn:cts:greekLit:tlg0012.tlg001.e4:20.353
urn:cite2:hmt:e4.v1:176v,urn:cts:greekLit:tlg0012.tlg001.e4:20.372
urn:cite2:hmt:e4.v1:176v,urn:cts:greekLit:tlg0012.tlg001.e4:20.373
urn:cite2:hmt:e4.v1:176v,urn:cts:greekLit:tlg0012.tlg001.e4:20.376
urn:cite2:hmt:e4.v1:176v,urn:cts:greekLit:tlg0012.tlg001.e4:20.386
urn:cite2:hmt:e4.v1:177r,urn:cts:greekLit:tlg0012.tlg001.e4:20.406
urn:cite2:hmt:e4.v1:177r,urn:cts:greekLit:tlg0012.tlg001.e4:20.428
urn:cite2:hmt:e4.v1:177v,urn:cts:greekLit:tlg0012.tlg001.e4:20.438
urn:cite2:hmt:e4.v1:178r,urn:cts:greekLit:tlg0012.tlg001.e4:20.490
urn:cite2:hmt:e4.v1:178r,urn:cts:greekLit:tlg0012.tlg001.e4:20.493
urn:cite2:hmt:e4.v1:178r,urn:cts:greekLit:tlg0012.tlg001.e4:20.495
urn:cite2:hmt:e4.v1:178r,urn:cts:greekLit:tlg0012.tlg001.e4:20.498
urn:cite2:hmt:e4.v1:179r,urn:cts:greekLit:tlg0012.tlg001.e4:21.12
urn:cite2:hmt:e4.v1:179r,urn:cts:greekLit:tlg0012.tlg001.e4:21.15
urn:cite2:hmt:e4.v1:179r,urn:cts:greekLit:tlg0012.tlg001.e4:21.22
urn:cite2:hmt:e4.v1:179r,urn:cts:greekLit:tlg0012.tlg001.e4:21.25
urn:cite2:hmt:e4.v1:179v,urn:cts:greekLit:tlg0012.tlg001.e4:21.54
urn:cite2:hmt:e4.v1:179v,urn:cts:greekLit:tlg0012.tlg001.e4:21.64
urn:cite2:hmt:e4.v1:179v,urn:cts:greekLit:tlg0012.tlg001.e4:21.74
urn:cite2:hmt:e4.v1:180r,urn:cts:greekLit:tlg0012.tlg001.e4:21.99
urn:cite2:hmt:e4.v1:180v,urn:cts:greekLit:tlg0012.tlg001.e4:21.150
urn:cite2:hmt:e4.v1:181r,urn:cts:greekLit:tlg0012.tlg001.e4:21.182
urn:cite2:hmt:e4.v1:181v,urn:cts:greekLit:tlg0012.tlg001.e4:21.200
urn:cite2:hmt:e4.v1:181v,urn:cts:greekLit:tlg0012.tlg001.e4:21.214
urn:cite2:hmt:e4.v1:181v,urn:cts:greekLit:tlg0012.tlg001.e4:21.227
urn:cite2:hmt:e4.v1:181v,urn:cts:greekLit:tlg0012.tlg001.e4:21.229
urn:cite2:hmt:e4.v1:182r,urn:cts:greekLit:tlg0012.tlg001.e4:21.233
urn:cite2:hmt:e4.v1:182r,urn:cts:greekLit:tlg0012.tlg001.e4:21.257
urn:cite2:hmt:e4.v1:182r,urn:cts:greekLit:tlg0012.tlg001.e4:21.263
urn:cite2:hmt:e4.v1:182v,urn:cts:greekLit:tlg0012.tlg001.e4:21.273
urn:cite2:hmt:e4.v1:182v,urn:cts:greekLit:tlg0012.tlg001.e4:21.288
urn:cite2:hmt:e4.v1:183r,urn:cts:greekLit:tlg0012.tlg001.e4:21.324
urn:cite2:hmt:e4.v1:183r,urn:cts:greekLit:tlg0012.tlg001.e4:21.331
urn:cite2:hmt:e4.v1:183r,urn:cts:greekLit:tlg0012.tlg001.e4:21.346
urn:cite2:hmt:e4.v1:183r,urn:cts:greekLit:tlg0012.tlg001.e4:21.348
urn:cite2:hmt:e4.v1:183v,urn:cts:greekLit:tlg0012.tlg001.e4:21.357
urn:cite2:hmt:e4.v1:183v,urn:cts:greekLit:tlg0012.tlg001.e4:21.362
urn:cite2:hmt:e4.v1:183v,urn:cts:greekLit:tlg0012.tlg001.e4:21.365
urn:cite2:hmt:e4.v1:183v,urn:cts:greekLit:tlg0012.tlg001.e4:21.369
urn:cite2:hmt:e4.v1:183v,urn:cts:greekLit:tlg0012.tlg001.e4:21.379
urn:cite2:hmt:e4.v1:184r,urn:cts:greekLit:tlg0012.tlg001.e4:21.394
urn:cite2:hmt:e4.v1:184r,urn:cts:greekLit:tlg0012.tlg001.e4:21.410
urn:cite2:hmt:e4.v1:184r,urn:cts:greekLit:tlg0012.tlg001.e4:21.420
urn:cite2:hmt:e4.v1:185r,urn:cts:greekLit:tlg0012.tlg001.e4:21.472
urn:cite2:hmt:e4.v1:185r,urn:cts:greekLit:tlg0012.tlg001.e4:21.489
urn:cite2:hmt:e4.v1:185v,urn:cts:greekLit:tlg0012.tlg001.e4:21.514
urn:cite2:hmt:e4.v1:185v,urn:cts:greekLit:tlg0012.tlg001.e4:21.522
urn:cite2:hmt:e4.v1:185v,urn:cts:greekLit:tlg0012.tlg001.e4:21.525
urn:cite2:hmt:e4.v1:185v,urn:cts:greekLit:tlg0012.tlg001.e4:21.534
urn:cite2:hmt:e4.v1:186r,urn:cts:greekLit:tlg0012.tlg001.e4:21.579
urn:cite2:hmt:e4.v1:186r,urn:cts:greekLit:tlg0012.tlg001.e4:21.583
urn:cite2:hmt:e4.v1:186v,urn:cts:greekLit:tlg0012.tlg001.e4:21.590
urn:cite2:hmt:e4.v1:188r,urn:cts:greekLit:tlg0012.tlg001.e4:22.8
urn:cite2:hmt:e4.v1:188v,urn:cts:greekLit:tlg0012.tlg001.e4:22.38
urn:cite2:hmt:e4.v1:189r,urn:cts:greekLit:tlg0012.tlg001.e4:22.77
urn:cite2:hmt:e4.v1:189r,urn:cts:greekLit:tlg0012.tlg001.e4:22.82
urn:cite2:hmt:e4.v1:189r,urn:cts:greekLit:tlg0012.tlg001.e4:22.93
urn:cite2:hmt:e4.v1:189r,urn:cts:greekLit:tlg0012.tlg001.e4:22.96
urn:cite2:hmt:e4.v1:189r,urn:cts:greekLit:tlg0012.tlg001.e4:22.99
urn:cite2:hmt:e4.v1:189r,urn:cts:greekLit:tlg0012.tlg001.e4:22.108
urn:cite2:hmt:e4.v1:189v,urn:cts:greekLit:tlg0012.tlg001.e4:22.131
urn:cite2:hmt:e4.v1:189v,urn:cts:greekLit:tlg0012.tlg001.e4:22.143
urn:cite2:hmt:e4.v1:190r,urn:cts:greekLit:tlg0012.tlg001.e4:22.162
urn:cite2:hmt:e4.v1:190r,urn:cts:greekLit:tlg0012.tlg001.e4:22.165
urn:cite2:hmt:e4.v1:190r,urn:cts:greekLit:tlg0012.tlg001.e4:22.178
urn:cite2:hmt:e4.v1:190r,urn:cts:greekLit:tlg0012.tlg001.e4:22.186
urn:cite2:hmt:e4.v1:190r,urn:cts:greekLit:tlg0012.tlg001.e4:22.189
urn:cite2:hmt:e4.v1:190r,urn:cts:greekLit:tlg0012.tlg001.e4:22.193
urn:cite2:hmt:e4.v1:190v,urn:cts:greekLit:tlg0012.tlg001.e4:22.199
urn:cite2:hmt:e4.v1:190v,urn:cts:greekLit:tlg0012.tlg001.e4:22.232
urn:cite2:hmt:e4.v1:190bisr,urn:cts:greekLit:tlg0012.tlg001.e4:22.247
urn:cite2:hmt:e4.v1:190bisr,urn:cts:greekLit:tlg0012.tlg001.e4:22.262
urn:cite2:hmt:e4.v1:190bisr,urn:cts:greekLit:tlg0012.tlg001.e4:22.265
urn:cite2:hmt:e4.v1:190bisv,urn:cts:greekLit:tlg0012.tlg001.e4:22.597
urn:cite2:hmt:e4.v1:190bisv,urn:cts:greekLit:tlg0012.tlg001.e4:22.306
urn:cite2:hmt:e4.v1:191r,urn:cts:greekLit:tlg0012.tlg001.e4:22.311
urn:cite2:hmt:e4.v1:191r,urn:cts:greekLit:tlg0012.tlg001.e4:22.317
urn:cite2:hmt:e4.v1:191r,urn:cts:greekLit:tlg0012.tlg001.e4:22.319
urn:cite2:hmt:e4.v1:191r,urn:cts:greekLit:tlg0012.tlg001.e4:22.331
urn:cite2:hmt:e4.v1:191v,urn:cts:greekLit:tlg0012.tlg001.e4:22.361
urn:cite2:hmt:e4.v1:191v,urn:cts:greekLit:tlg0012.tlg001.e4:22.367
urn:cite2:hmt:e4.v1:191v,urn:cts:greekLit:tlg0012.tlg001.e4:22.373
urn:cite2:hmt:e4.v1:191v,urn:cts:greekLit:tlg0012.tlg001.e4:22.375
urn:cite2:hmt:e4.v1:191v,urn:cts:greekLit:tlg0012.tlg001.e4:22.378
urn:cite2:hmt:e4.v1:192r,urn:cts:greekLit:tlg0012.tlg001.e4:22.395
urn:cite2:hmt:e4.v1:192r,urn:cts:greekLit:tlg0012.tlg001.e4:22.405
urn:cite2:hmt:e4.v1:192v,urn:cts:greekLit:tlg0012.tlg001.e4:22.437
urn:cite2:hmt:e4.v1:192v,urn:cts:greekLit:tlg0012.tlg001.e4:22.450
urn:cite2:hmt:e4.v1:193r,urn:cts:greekLit:tlg0012.tlg001.e4:22.477
urn:cite2:hmt:e4.v1:193v,urn:cts:greekLit:tlg0012.tlg001.e4:22.515
urn:cite2:hmt:e4.v1:194r,urn:cts:greekLit:tlg0012.tlg001.e4:23.6
urn:cite2:hmt:e4.v1:194v,urn:cts:greekLit:tlg0012.tlg001.e4:23.57
urn:cite2:hmt:e4.v1:194v,urn:cts:greekLit:tlg0012.tlg001.e4:23.69
urn:cite2:hmt:e4.v1:195r,urn:cts:greekLit:tlg0012.tlg001.e4:23.99
urn:cite2:hmt:e4.v1:195r,urn:cts:greekLit:tlg0012.tlg001.e4:23.103
urn:cite2:hmt:e4.v1:195v,urn:cts:greekLit:tlg0012.tlg001.e4:23.149
urn:cite2:hmt:e4.v1:195v,urn:cts:greekLit:tlg0012.tlg001.e4:23.152
urn:cite2:hmt:e4.v1:196r,urn:cts:greekLit:tlg0012.tlg001.e4:23.156
urn:cite2:hmt:e4.v1:196r,urn:cts:greekLit:tlg0012.tlg001.e4:23.179
urn:cite2:hmt:e4.v1:196v,urn:cts:greekLit:tlg0012.tlg001.e4:23.212
urn:cite2:hmt:e4.v1:196v,urn:cts:greekLit:tlg0012.tlg001.e4:23.222
urn:cite2:hmt:e4.v1:196v,urn:cts:greekLit:tlg0012.tlg001.e4:23.224
urn:cite2:hmt:e4.v1:197r,urn:cts:greekLit:tlg0012.tlg001.e4:23.236
urn:cite2:hmt:e4.v1:197v,urn:cts:greekLit:tlg0012.tlg001.e4:23.306
urn:cite2:hmt:e4.v1:198v,urn:cts:greekLit:tlg0012.tlg001.e4:23.352
urn:cite2:hmt:e4.v1:199r,urn:cts:greekLit:tlg0012.tlg001.e4:23.426
urn:cite2:hmt:e4.v1:199v,urn:cts:greekLit:tlg0012.tlg001.e4:23.439
urn:cite2:hmt:e4.v1:199v,urn:cts:greekLit:tlg0012.tlg001.e4:23.442
urn:cite2:hmt:e4.v1:199v,urn:cts:greekLit:tlg0012.tlg001.e4:23.457
urn:cite2:hmt:e4.v1:200r,urn:cts:greekLit:tlg0012.tlg001.e4:23.474
urn:cite2:hmt:e4.v1:200r,urn:cts:greekLit:tlg0012.tlg001.e4:23.483
urn:cite2:hmt:e4.v1:200v,urn:cts:greekLit:tlg0012.tlg001.e4:23.543
urn:cite2:hmt:e4.v1:201r,urn:cts:greekLit:tlg0012.tlg001.e4:23.558
urn:cite2:hmt:e4.v1:201r,urn:cts:greekLit:tlg0012.tlg001.e4:23.563
urn:cite2:hmt:e4.v1:201r,urn:cts:greekLit:tlg0012.tlg001.e4:23.570
urn:cite2:hmt:e4.v1:201r,urn:cts:greekLit:tlg0012.tlg001.e4:23.581
urn:cite2:hmt:e4.v1:201v,urn:cts:greekLit:tlg0012.tlg001.e4:23.596
urn:cite2:hmt:e4.v1:201v,urn:cts:greekLit:tlg0012.tlg001.e4:23.602
urn:cite2:hmt:e4.v1:201v,urn:cts:greekLit:tlg0012.tlg001.e4:23.612
urn:cite2:hmt:e4.v1:201v,urn:cts:greekLit:tlg0012.tlg001.e4:23.618
urn:cite2:hmt:e4.v1:202r,urn:cts:greekLit:tlg0012.tlg001.e4:23.643
urn:cite2:hmt:e4.v1:202r,urn:cts:greekLit:tlg0012.tlg001.e4:23.658
urn:cite2:hmt:e4.v1:202v,urn:cts:greekLit:tlg0012.tlg001.e4:23.667
urn:cite2:hmt:e4.v1:202v,urn:cts:greekLit:tlg0012.tlg001.e4:23.692
urn:cite2:hmt:e4.v1:202v,urn:cts:greekLit:tlg0012.tlg001.e4:23.694
urn:cite2:hmt:e4.v1:203r,urn:cts:greekLit:tlg0012.tlg001.e4:23.712
urn:cite2:hmt:e4.v1:203r,urn:cts:greekLit:tlg0012.tlg001.e4:23.723
urn:cite2:hmt:e4.v1:203v,urn:cts:greekLit:tlg0012.tlg001.e4:23.768
urn:cite2:hmt:e4.v1:204r,urn:cts:greekLit:tlg0012.tlg001.e4:23.782
urn:cite2:hmt:e4.v1:204v,urn:cts:greekLit:tlg0012.tlg001.e4:23.831
urn:cite2:hmt:e4.v1:205r,urn:cts:greekLit:tlg0012.tlg001.e4:23.890
urn:cite2:hmt:e4.v1:206v,urn:cts:greekLit:tlg0012.tlg001.e4:24.44
urn:cite2:hmt:e4.v1:207r,urn:cts:greekLit:tlg0012.tlg001.e4:24.93
urn:cite2:hmt:e4.v1:207r,urn:cts:greekLit:tlg0012.tlg001.e4:24.103
urn:cite2:hmt:e4.v1:207v,urn:cts:greekLit:tlg0012.tlg001.e4:24.141
urn:cite2:hmt:e4.v1:208v,urn:cts:greekLit:tlg0012.tlg001.e4:24.228
urn:cite2:hmt:e4.v1:209r,urn:cts:greekLit:tlg0012.tlg001.e4:24.239
urn:cite2:hmt:e4.v1:209r,urn:cts:greekLit:tlg0012.tlg001.e4:24.247
urn:cite2:hmt:e4.v1:209v,urn:cts:greekLit:tlg0012.tlg001.e4:24.300
urn:cite2:hmt:e4.v1:209v,urn:cts:greekLit:tlg0012.tlg001.e4:24.302
urn:cite2:hmt:e4.v1:209v,urn:cts:greekLit:tlg0012.tlg001.e4:24.308
urn:cite2:hmt:e4.v1:210r,urn:cts:greekLit:tlg0012.tlg001.e4:24.334
urn:cite2:hmt:e4.v1:210v,urn:cts:greekLit:tlg0012.tlg001.e4:24.352
urn:cite2:hmt:e4.v1:210v,urn:cts:greekLit:tlg0012.tlg001.e4:24.354
urn:cite2:hmt:e4.v1:211r,urn:cts:greekLit:tlg0012.tlg001.e4:24.411
urn:cite2:hmt:e4.v1:211r,urn:cts:greekLit:tlg0012.tlg001.e4:24.425
urn:cite2:hmt:e4.v1:211v,urn:cts:greekLit:tlg0012.tlg001.e4:24.440
urn:cite2:hmt:e4.v1:211v,urn:cts:greekLit:tlg0012.tlg001.e4:24.460
urn:cite2:hmt:e4.v1:212r,urn:cts:greekLit:tlg0012.tlg001.e4:24.480
urn:cite2:hmt:e4.v1:212r,urn:cts:greekLit:tlg0012.tlg001.e4:24.483
urn:cite2:hmt:e4.v1:212v,urn:cts:greekLit:tlg0012.tlg001.e4:24.518
urn:cite2:hmt:e4.v1:213v,urn:cts:greekLit:tlg0012.tlg001.e4:24.596
urn:cite2:hmt:e4.v1:213v,urn:cts:greekLit:tlg0012.tlg001.e4:24.621
urn:cite2:hmt:e4.v1:214r,urn:cts:greekLit:tlg0012.tlg001.e4:24.635
urn:cite2:hmt:e4.v1:214r,urn:cts:greekLit:tlg0012.tlg001.e4:24.643
urn:cite2:hmt:e4.v1:214v,urn:cts:greekLit:tlg0012.tlg001.e4:24.671
urn:cite2:hmt:e4.v1:215r,urn:cts:greekLit:tlg0012.tlg001.e4:24.725
urn:cite2:hmt:e4.v1:215v,urn:cts:greekLit:tlg0012.tlg001.e4:24.748
urn:cite2:hmt:e4.v1:215v,urn:cts:greekLit:tlg0012.tlg001.e4:24.762
